#,Picture,Digimon,Stage,Type,Attribute,Memory,Equip Slots,HP,SP,Atk,Def,Int,Spd
1,http://digidb.io/images/dot/dot629.png,Kuramon,Baby,Free,Neutral,2,0,590,77,79,69,68,95
2,http://digidb.io/images/dot/dot387.png,Pabumon,Baby,Free,Neutral,2,0,950,62,76,76,69,68
3,http://digidb.io/images/dot/dot437.png,Punimon,Baby,Free,Neutral,2,0,870,50,97,87,50,75
4,http://digidb.io/images/dot/dot317.png,Botamon,Baby,Free,Neutral,2,0,690,68,77,95,76,61
5,http://digidb.io/images/dot/dot320.png,Poyomon,Baby,Free,Neutral,2,0,540,98,54,59,95,86
6,http://digidb.io/images/dot/dot062.png,Arcadiamon In-Tr.,In-Training,Free,Dark,3,0,720,85,86,59,81,93
7,http://digidb.io/images/dot/dot322.png,Koromon,In-Training,Free,Fire,3,0,940,52,109,93,52,76
8,http://digidb.io/images/dot/dot512.png,Tanemon,In-Training,Free,Plant,3,0,1030,64,85,82,73,69
9,http://digidb.io/images/dot/dot438.png,Tsunomon,In-Training,Free,Earth,3,0,930,54,107,92,54,76
10,http://digidb.io/images/dot/dot631.png,Tsumemon,In-Training,Free,Dark,3,0,930,64,108,64,54,93
11,http://digidb.io/images/dot/dot325.png,Tokomon,In-Training,Free,Neutral,3,0,640,86,76,74,74,103
12,http://digidb.io/images/dot/dot515.png,Nyaromon,In-Training,Free,Light,3,0,540,107,54,64,103,94
13,http://digidb.io/images/dot/dot567.png,Pagumon,In-Training,Free,Dark,3,0,550,103,60,63,102,93
14,http://digidb.io/images/dot/dot510.png,Yokomon,In-Training,Free,Plant,3,0,1040,64,82,82,75,69
15,http://digidb.io/images/dot/dot514.png,Bukamon,In-Training,Free,Water,3,0,830,93,54,74,103,69
16,http://digidb.io/images/dot/dot388.png,Motimon,In-Training,Free,Neutral,3,0,1030,63,82,81,78,69
17,http://digidb.io/images/dot/dot321.png,Wanyamon,In-Training,Free,Wind,3,0,830,82,79,75,75,82
18,http://digidb.io/images/dot/dot050.png,Agumon,Rookie,Vaccine,Fire,5,1,1030,59,131,103,54,86
19,http://digidb.io/images/dot/dot143.png,Agumon (Blk),Rookie,Virus,Fire,5,1,1020,56,124,108,56,85
20,http://digidb.io/images/dot/dot063.png,Arcadiamon Rookie,Rookie,Virus,Dark,5,1,950,86,105,79,85,86
21,http://digidb.io/images/dot/dot707.png,Armadillomon,Rookie,Free,Earth,4,1,1160,85,67,111,65,72
22,http://digidb.io/images/dot/dot081.png,Impmon,Rookie,Virus,Dark,5,1,530,114,83,65,114,102
23,http://digidb.io/images/dot/dot564.png,Elecmon,Rookie,Data,Electric,4,1,930,93,82,79,79,90
24,http://digidb.io/images/dot/dot582.png,Otamamon,Rookie,Virus,Water,4,1,930,105,52,75,113,78
25,http://digidb.io/images/dot/dot055.png,Gaomon,Rookie,Data,Neutral,5,1,1030,69,118,74,66,101
26,http://digidb.io/images/dot/dot569.png,Gazimon,Rookie,Virus,Dark,4,1,970,71,123,64,59,102
27,http://digidb.io/images/dot/dot151.png,Gabumon,Rookie,Data,Fire,5,1,980,88,94,81,79,91
28,http://digidb.io/images/dot/dot713.png,Gabumon (Blk),Rookie,Virus,Fire,5,1,950,83,99,89,74,91
29,http://digidb.io/images/dot/dot090.png,Guilmon,Rookie,Virus,Fire,5,1,1050,69,133,74,54,101
30,http://digidb.io/images/dot/dot053.png,Kudamon,Rookie,Vaccine,Light,5,1,590,128,53,74,117,105
31,http://digidb.io/images/dot/dot626.png,Keramon,Rookie,Free,Dark,5,1,1030,74,123,69,61,101
32,http://digidb.io/images/dot/dot595.png,Gotsumon,Rookie,Data,Earth,5,1,790,79,93,118,90,72
33,http://digidb.io/images/dot/dot111.png,Goblimon,Rookie,Virus,Earth,4,1,1050,51,115,110,51,84
34,http://digidb.io/images/dot/dot343.png,Gomamon,Rookie,Vaccine,Water,5,1,1160,69,93,93,81,79
35,http://digidb.io/images/dot/dot709.png,Syakomon,Rookie,Virus,Water,4,1,870,100,53,86,112,78
36,http://digidb.io/images/dot/dot697.png,Zubamon,Rookie,Vaccine,Neutral,5,1,1010,57,126,111,54,87
37,http://digidb.io/images/dot/dot728.png,Solarmon,Rookie,Vaccine,Light,4,1,1030,88,69,108,71,77
38,http://digidb.io/images/dot/dot020.png,Chuumon,Rookie,Virus,Earth,4,1,700,91,87,73,85,111
39,http://digidb.io/images/dot/dot701.png,Terriermon,Rookie,Vaccine,Wind,4,1,690,93,84,75,84,112
40,http://digidb.io/images/dot/dot303.png,Tentomon,Rookie,Vaccine,Plant,4,1,750,79,86,110,93,73
41,http://digidb.io/images/dot/dot708.png,ToyAgumon,Rookie,Vaccine,Neutral,4,1,1110,87,72,112,63,71
42,http://digidb.io/images/dot/dot457.png,Dracmon,Rookie,Virus,Dark,5,1,870,81,108,88,83,84
43,http://digidb.io/images/dot/dot208.png,Dracomon,Rookie,Data,Fire,5,1,980,69,132,89,49,99
44,http://digidb.io/images/dot/dot112.png,Dorumon,Rookie,Data,Neutral,5,1,1020,65,128,79,56,101
45,http://digidb.io/images/dot/dot009.png,Hagurumon,Rookie,Virus,Electric,4,1,1090,91,66,110,69,71
46,http://digidb.io/images/dot/dot096.png,Patamon,Rookie,Data,Wind,4,1,880,93,79,74,92,90
47,http://digidb.io/images/dot/dot687.png,Hackmon,Rookie,Data,Fire,5,1,1030,59,118,108,63,85
48,http://digidb.io/images/dot/dot348.png,Palmon,Rookie,Data,Plant,5,1,1140,65,103,90,80,79
49,http://digidb.io/images/dot/dot097.png,DemiDevimon,Rookie,Virus,Dark,4,1,650,87,89,76,89,111
50,http://digidb.io/images/dot/dot307.png,Biyomon,Rookie,Vaccine,Wind,4,1,830,93,85,79,85,91
51,http://digidb.io/images/dot/dot705.png,Falcomon,Rookie,Vaccine,Wind,5,1,740,93,94,79,79,113
52,http://digidb.io/images/dot/dot042.png,FanBeemon,Rookie,Virus,Plant,4,1,860,69,104,86,73,98
53,http://digidb.io/images/dot/dot114.png,Veemon,Rookie,Free,Neutral,5,1,1040,74,130,74,53,101
54,http://digidb.io/images/dot/dot361.png,Salamon,Rookie,Vaccine,Light,4,1,540,118,59,69,119,97
55,http://digidb.io/images/dot/dot389.png,Betamon,Rookie,Virus,Water,4,1,870,101,61,76,113,78
56,http://digidb.io/images/dot/dot706.png,Hawkmon,Rookie,Free,Wind,5,1,690,88,99,79,83,114
57,http://digidb.io/images/dot/dot607.png,Mushroomon,Rookie,Virus,Plant,4,1,1110,64,96,88,79,78
58,http://digidb.io/images/dot/dot458.png,Monodramon,Rookie,Vaccine,Neutral,4,1,1040,54,128,100,51,79
59,http://digidb.io/images/dot/dot056.png,Lalamon,Rookie,Data,Plant,4,1,1100,74,87,87,79,79
60,http://digidb.io/images/dot/dot390.png,Lucemon,Rookie,Vaccine,Light,14,1,1230,148,59,104,208,119
61,http://digidb.io/images/dot/dot002.png,Lunamon,Rookie,Data,Water,5,1,890,94,89,76,101,82
62,http://digidb.io/images/dot/dot391.png,Renamon,Rookie,Data,Plant,5,1,930,93,89,74,89,93
63,http://digidb.io/images/dot/dot750.png,Lopmon,Rookie,Data,Earth,4,1,790,79,103,68,103,85
64,http://digidb.io/images/dot/dot392.png,Wormmon,Rookie,Free,Plant,4,1,760,76,92,111,90,71
65,http://digidb.io/images/dot/dot730.png,IceDevimon,Champion,Virus,Water,8,1,990,94,140,89,118,92
66,http://digidb.io/images/dot/dot758.png,Icemon,Champion,Data,Water,6,2,940,87,108,132,106,84
67,http://digidb.io/images/dot/dot015.png,Aquilamon,Champion,Free,Wind,8,1,840,108,109,89,89,143
68,http://digidb.io/images/dot/dot676.png,Agunimon,Champion,Free,Fire,8,1,1130,88,134,93,84,119
69,http://digidb.io/images/dot/dot064.png,Arcadiamon Champion,Champion,Virus,Dark,8,1,1130,98,139,84,89,108
70,http://digidb.io/images/dot/dot711.png,Ankylomon,Champion,Free,Earth,6,2,1330,98,89,133,79,79
71,http://digidb.io/images/dot/dot344.png,Ikkakumon,Champion,Vaccine,Water,8,1,1330,84,118,102,94,90
72,http://digidb.io/images/dot/dot377.png,Wizardmon,Champion,Data,Dark,8,1,690,138,74,79,143,118
73,http://digidb.io/images/dot/dot680.png,Lobomon,Champion,Free,Light,8,1,1180,79,143,95,69,117
74,http://digidb.io/images/dot/dot393.png,Woodmon,Champion,Virus,Plant,6,2,1480,74,109,103,89,88
75,http://digidb.io/images/dot/dot011.png,Airdramon,Champion,Vaccine,Wind,6,2,1040,77,126,100,86,118
76,http://digidb.io/images/dot/dot365.png,ExVeemon,Champion,Free,Neutral,8,1,1030,118,104,94,94,118
77,http://digidb.io/images/dot/dot087.png,Angemon,Champion,Vaccine,Light,8,1,940,94,128,89,128,99
78,http://digidb.io/images/dot/dot394.png,Ogremon,Champion,Virus,Earth,8,1,1230,64,155,118,64,97
79,http://digidb.io/images/dot/dot341.png,Guardromon,Champion,Virus,Electric,6,2,990,84,108,138,103,79
80,http://digidb.io/images/dot/dot760.png,Guardromon (Gold),Champion,Free,Electric,6,2,1130,83,99,168,96,62
81,http://digidb.io/images/dot/dot068.png,GaoGamon,Champion,Data,Wind,8,1,740,108,109,94,99,138
82,http://digidb.io/images/dot/dot304.png,Kabuterimon,Champion,Vaccine,Plant,6,2,890,89,108,128,116,81
83,http://digidb.io/images/dot/dot455.png,ShellNumemon,Champion,Virus,Water,6,2,1280,103,79,148,74,79
84,http://digidb.io/images/dot/dot710.png,Gargomon,Champion,Vaccine,Electric,6,2,1030,103,109,99,89,108
85,http://digidb.io/images/dot/dot012.png,Garurumon,Champion,Vaccine,Fire,8,1,890,108,99,94,94,138
86,http://digidb.io/images/dot/dot714.png,Garurumon (Blk),Champion,Virus,Fire,8,1,890,108,109,104,79,133
87,http://digidb.io/images/dot/dot395.png,Kyubimon,Champion,Data,Fire,8,1,740,138,59,84,138,128
88,http://digidb.io/images/dot/dot078.png,Growlmon,Champion,Virus,Fire,8,1,1180,79,143,113,69,109
89,http://digidb.io/images/dot/dot630.png,Kurisarimon,Champion,Free,Dark,8,1,1280,84,153,79,64,113
90,http://digidb.io/images/dot/dot326.png,Greymon,Champion,Vaccine,Fire,8,1,1230,74,148,118,64,104
91,http://digidb.io/images/dot/dot712.png,Greymon (Blue),Champion,Virus,Fire,8,1,1280,74,153,118,59,99
92,http://digidb.io/images/dot/dot398.png,Clockmon,Champion,Data,Electric,6,2,1030,118,64,101,133,92
93,http://digidb.io/images/dot/dot367.png,Kuwagamon,Champion,Virus,Plant,6,2,1180,69,153,113,59,99
94,http://digidb.io/images/dot/dot399.png,Gekomon,Champion,Virus,Water,6,2,1130,123,68,89,128,90
95,http://digidb.io/images/dot/dot729.png,Geremon,Champion,Virus,Electric,6,2,1380,99,104,128,64,78
96,http://digidb.io/images/dot/dot218.png,Coredramon (Blue),Champion,Vaccine,Wind,8,1,1230,76,151,103,69,109
97,http://digidb.io/images/dot/dot209.png,Coredramon (Green),Champion,Virus,Earth,8,1,1230,74,151,99,61,123
98,http://digidb.io/images/dot/dot113.png,GoldNumemon,Champion,Virus,Light,6,2,1130,124,59,84,143,88
99,http://digidb.io/images/dot/dot005.png,Golemon,Champion,Virus,Earth,6,2,1430,79,121,132,62,74
100,http://digidb.io/images/dot/dot452.png,Cyclonemon,Champion,Virus,Earth,6,2,940,84,131,128,93,81
101,http://digidb.io/images/dot/dot030.png,Sangloupmon,Champion,Virus,Dark,6,2,1180,85,123,91,90,104
102,http://digidb.io/images/dot/dot058.png,Sunflowmon,Champion,Data,Plant,6,2,1180,113,64,89,141,86
103,http://digidb.io/images/dot/dot347.png,Seadramon,Champion,Data,Water,6,2,1080,118,64,99,134,88
104,http://digidb.io/images/dot/dot130.png,Coelamon,Champion,Data,Water,6,2,1290,79,113,105,90,96
105,http://digidb.io/images/dot/dot054.png,GeoGreymon,Champion,Vaccine,Fire,8,1,1330,89,143,84,64,118
106,http://digidb.io/images/dot/dot313.png,Sukamon,Champion,Virus,Earth,6,2,1430,98,89,133,69,79
107,http://digidb.io/images/dot/dot014.png,Starmon,Champion,Data,Neutral,6,2,1080,98,104,109,91,101
108,http://digidb.io/images/dot/dot091.png,Stingmon,Champion,Free,Plant,8,1,1130,84,143,74,74,133
109,http://digidb.io/images/dot/dot016.png,Strikedramon,Champion,Vaccine,Earth,6,2,1150,72,151,87,68,118
110,http://digidb.io/images/dot/dot698.png,Zubaeagermon,Champion,Vaccine,Neutral,8,1,1160,67,148,126,63,111
111,http://digidb.io/images/dot/dot755.png,Socerimon,Champion,Vaccine,Water,8,1,1030,123,64,93,148,90
112,http://digidb.io/images/dot/dot621.png,Tankmon,Champion,Data,Electric,6,2,940,84,113,141,98,81
113,http://digidb.io/images/dot/dot759.png,MudFrigimon,Champion,Data,Earth,6,2,1190,96,101,99,97,99
114,http://digidb.io/images/dot/dot363.png,Tyrannomon,Champion,Data,Fire,6,2,1230,59,148,125,59,97
115,http://digidb.io/images/dot/dot092.png,Gatomon,Champion,Vaccine,Light,8,1,640,143,69,79,143,123
116,http://digidb.io/images/dot/dot093.png,Devimon,Champion,Virus,Dark,8,1,990,94,133,84,125,97
117,http://digidb.io/images/dot/dot102.png,Turuiemon,Champion,Data,Earth,6,2,1140,78,130,91,78,120
118,http://digidb.io/images/dot/dot349.png,Togemon,Champion,Data,Plant,8,1,1330,84,108,113,93,90
119,http://digidb.io/images/dot/dot396.png,Dorugamon,Champion,Data,Earth,8,1,1180,84,138,89,69,123
120,http://digidb.io/images/dot/dot375.png,Nanimon,Champion,Virus,Earth,6,2,1070,84,108,133,98,81
121,http://digidb.io/images/dot/dot070.png,Numemon,Champion,Virus,Earth,6,2,1380,99,84,138,69,83
122,http://digidb.io/images/dot/dot308.png,Birdramon,Champion,Vaccine,Fire,8,1,940,113,94,84,109,128
123,http://digidb.io/images/dot/dot115.png,BaoHuckmon,Champion,Data,Fire,8,1,990,96,116,117,90,113
124,http://digidb.io/images/dot/dot013.png,Bakemon,Champion,Virus,Dark,6,2,590,148,64,74,138,128
125,http://digidb.io/images/dot/dot397.png,Veedramon,Champion,Vaccine,Wind,8,1,1180,84,138,113,64,114
126,http://digidb.io/images/dot/dot022.png,Hudiemon,Champion,Free,Plant,8,1,980,111,109,85,113,115
127,http://digidb.io/images/dot/dot752.png,PlatinumSukamon,Champion,Virus,Neutral,6,2,450,98,84,999,50,103
128,http://digidb.io/images/dot/dot043.png,BlackGatomon,Champion,Virus,Dark,8,1,690,133,84,84,133,118
129,http://digidb.io/images/dot/dot314.png,Vegiemon,Champion,Virus,Plant,6,2,1380,79,113,106,87,88
130,http://digidb.io/images/dot/dot702.png,Peckmon,Champion,Vaccine,Wind,8,1,790,113,104,84,94,148
131,http://digidb.io/images/dot/dot010.png,Meramon,Champion,Data,Fire,6,2,1130,69,138,113,79,99
132,http://digidb.io/images/dot/dot369.png,Monochromon,Champion,Data,Earth,6,2,1030,76,135,128,77,92
133,http://digidb.io/images/dot/dot370.png,Frigimon,Champion,Vaccine,Water,6,2,1380,83,103,98,99,90
134,http://digidb.io/images/dot/dot548.png,Unimon,Champion,Vaccine,Wind,6,2,790,123,84,79,128,118
135,http://digidb.io/images/dot/dot025.png,Raptordramon,Champion,Vaccine,Neutral,6,2,1130,83,131,101,83,100
136,http://digidb.io/images/dot/dot590.png,Raremon,Champion,Virus,Earth,6,2,1330,83,105,100,88,103
137,http://digidb.io/images/dot/dot072.png,Leomon,Champion,Vaccine,Earth,8,1,1180,69,143,123,71,97
138,http://digidb.io/images/dot/dot003.png,Lekismon,Champion,Data,Water,6,2,790,113,94,84,99,143
139,http://digidb.io/images/dot/dot077.png,Reppamon,Champion,Vaccine,Light,8,1,790,118,94,99,99,143
140,http://digidb.io/images/dot/dot454.png,Waspmon,Champion,Virus,Electric,6,2,1180,74,133,99,74,113
141,http://digidb.io/images/dot/dot305.png,MegaKabuterimon,Ultimate,Vaccine,Plant,12,2,1430,115,94,163,109,92
142,http://digidb.io/images/dot/dot065.png,Arcadiamon Ultimate,Ultimate,Virus,Dark,14,3,1130,120,157,99,119,138
143,http://digidb.io/images/dot/dot731.png,Antylamon,Ultimate,Data,Neutral,12,3,940,123,124,109,114,168
144,http://digidb.io/images/dot/dot342.png,Andromon,Ultimate,Vaccine,Electric,12,3,1040,94,133,157,133,95
145,http://digidb.io/images/dot/dot756.png,Meteormon,Ultimate,Data,Earth,12,3,1090,104,123,163,128,89
146,http://digidb.io/images/dot/dot627.png,Infermon,Ultimate,Free,Dark,14,3,1330,99,198,89,74,153
147,http://digidb.io/images/dot/dot085.png,Myotismon,Ultimate,Virus,Dark,14,3,1290,113,148,99,148,110
148,http://digidb.io/images/dot/dot210.png,Wingdramon,Ultimate,Vaccine,Wind,14,3,1380,89,163,109,89,158
149,http://digidb.io/images/dot/dot679.png,BurningGreymon,Ultimate,Free,Fire,14,3,1260,98,169,131,95,128
150,http://digidb.io/images/dot/dot400.png,AeroVeedramon,Ultimate,Vaccine,Wind,14,1,1430,94,163,99,94,153
151,http://digidb.io/images/dot/dot311.png,Etemon,Ultimate,Virus,Dark,12,3,1130,133,104,119,129,133
152,http://digidb.io/images/dot/dot148.png,Angewomon,Ultimate,Vaccine,Light,14,3,890,163,69,94,188,143
153,http://digidb.io/images/dot/dot401.png,Okuwamon,Ultimate,Virus,Plant,12,3,1330,74,158,158,74,119
154,http://digidb.io/images/dot/dot309.png,Garudamon,Ultimate,Vaccine,Fire,12,3,1040,123,124,109,129,143
155,http://digidb.io/images/dot/dot681.png,KendoGarurumon,Ultimate,Free,Light,14,2,1410,105,144,128,104,124
156,http://digidb.io/images/dot/dot402.png,Gigadramon,Ultimate,Virus,Wind,12,3,1240,94,137,148,113,100
157,http://digidb.io/images/dot/dot044.png,CatchMamemon,Ultimate,Data,Electric,10,3,1420,109,123,134,95,104
158,http://digidb.io/images/dot/dot727.png,CannonBeemon,Ultimate,Virus,Electric,12,3,990,123,129,139,99,143
159,http://digidb.io/images/dot/dot211.png,Groundramon,Ultimate,Virus,Earth,14,3,1430,84,198,143,74,104
160,http://digidb.io/images/dot/dot403.png,GrapLeomon,Ultimate,Vaccine,Electric,12,3,1580,89,163,99,79,143
161,http://digidb.io/images/dot/dot026.png,Grademon,Ultimate,Vaccine,Neutral,12,3,1290,97,173,89,100,144
162,http://digidb.io/images/dot/dot004.png,Crescemon,Ultimate,Data,Water,12,3,1180,133,124,103,139,114
163,http://digidb.io/images/dot/dot719.png,Cyberdramon,Ultimate,Vaccine,Dark,14,2,1480,81,173,143,79,122
164,http://digidb.io/images/dot/dot723.png,Shakkoumon,Ultimate,Free,Light,14,3,1530,135,84,158,139,92
165,http://digidb.io/images/dot/dot379.png,Cherrymon,Ultimate,Virus,Plant,12,3,1630,108,113,133,114,100
166,http://digidb.io/images/dot/dot720.png,Silphymon,Ultimate,Free,Wind,14,3,1040,138,119,119,124,158
167,http://digidb.io/images/dot/dot079.png,SuperStarmon,Ultimate,Data,Light,12,3,1180,128,122,134,109,120
168,http://digidb.io/images/dot/dot404.png,SkullGreymon,Ultimate,Virus,Dark,14,3,1230,79,203,153,69,119
169,http://digidb.io/images/dot/dot006.png,SkullSatamon,Ultimate,Virus,Dark,12,3,1210,103,141,101,132,118
170,http://digidb.io/images/dot/dot345.png,Zudomon,Ultimate,Vaccine,Water,12,2,1630,84,150,128,104,102
171,http://digidb.io/images/dot/dot116.png,SaviorHuckmon,Ultimate,Data,Fire,14,3,1380,94,163,128,79,144
172,http://digidb.io/images/dot/dot405.png,Taomon,Ultimate,Data,Dark,12,3,990,148,69,104,173,138
173,http://digidb.io/images/dot/dot129.png,Dragomon,Ultimate,Virus,Water,12,3,1280,115,126,111,137,99
174,http://digidb.io/images/dot/dot084.png,Chirinmon,Ultimate,Vaccine,Light,14,3,940,133,124,119,124,168
175,http://digidb.io/images/dot/dot023.png,Dinobeemon,Ultimate,Free,Plant,14,3,1330,94,193,124,84,133
176,http://digidb.io/images/dot/dot374.png,Digitamamon,Ultimate,Data,Neutral,12,3,1380,89,128,148,111,102
177,http://digidb.io/images/dot/dot406.png,SkullMeramon,Ultimate,Data,Fire,12,3,1530,79,183,133,70,113
178,http://digidb.io/images/dot/dot699.png,Duramon,Ultimate,Vaccine,Neutral,14,3,1460,81,175,146,79,119
179,http://digidb.io/images/dot/dot376.png,ShogunGekomon,Ultimate,Virus,Water,12,3,1980,96,113,113,99,97
180,http://digidb.io/images/dot/dot033.png,Triceramon,Ultimate,Data,Earth,12,3,1180,89,148,168,94,99
181,http://digidb.io/images/dot/dot407.png,DoruGreymon,Ultimate,Data,Fire,14,3,1480,84,161,153,84,116
182,http://digidb.io/images/dot/dot718.png,Knightmon,Ultimate,Data,Neutral,12,3,1140,109,135,158,123,92
183,http://digidb.io/images/dot/dot576.png,Datamon,Ultimate,Virus,Electric,12,3,1180,133,74,114,175,102
184,http://digidb.io/images/dot/dot408.png,Paildramon,Ultimate,Free,Neutral,14,3,1280,133,139,124,109,128
185,http://digidb.io/images/dot/dot409.png,Panjyamon,Ultimate,Vaccine,Water,12,3,1280,128,124,114,111,126
186,http://digidb.io/images/dot/dot041.png,Pandamon,Ultimate,Data,Earth,12,3,1090,104,135,153,118,97
187,http://digidb.io/images/dot/dot596.png,Pumpkinmon,Ultimate,Data,Earth,10,3,1480,97,123,108,119,111
188,http://digidb.io/images/dot/dot410.png,Piximon,Ultimate,Data,Light,12,3,990,123,104,104,134,153
189,http://digidb.io/images/dot/dot082.png,HippoGryphonmon,Ultimate,Data,Wind,12,3,990,138,107,82,143,148
190,http://digidb.io/images/dot/dot584.png,Phantomon,Ultimate,Virus,Dark,12,3,940,123,99,99,163,138
191,http://digidb.io/images/dot/dot753.png,BlackKingNumemon,Ultimate,Virus,Dark,10,3,1580,113,89,168,89,89
192,http://digidb.io/images/dot/dot177.png,BlueMeramon,Ultimate,Virus,Fire,12,3,1140,109,148,94,133,119
193,http://digidb.io/images/dot/dot411.png,Vademon,Ultimate,Virus,Dark,10,3,1130,165,64,94,173,97
194,http://digidb.io/images/dot/dot021.png,Whamon,Ultimate,Vaccine,Water,12,2,1680,93,123,123,124,100
195,http://digidb.io/images/dot/dot101.png,MagnaAngemon,Ultimate,Vaccine,Light,14,3,1180,143,98,119,163,105
196,http://digidb.io/images/dot/dot059.png,Volcanomon,Ultimate,Data,Fire,12,3,1530,82,158,119,69,125
197,http://digidb.io/images/dot/dot031.png,Matadormon,Ultimate,Virus,Dark,12,3,1480,94,148,93,104,144
198,http://digidb.io/images/dot/dot074.png,MachGaogamon,Ultimate,Data,Wind,12,3,1480,89,158,89,89,158
199,http://digidb.io/images/dot/dot412.png,Mamemon,Ultimate,Data,Earth,10,3,1480,113,111,153,84,97
200,http://digidb.io/images/dot/dot132.png,MegaSeadramon,Ultimate,Data,Water,12,3,1330,138,86,114,158,102
201,http://digidb.io/images/dot/dot301.png,Megadramon,Ultimate,Virus,Wind,12,3,1430,79,158,148,69,119
202,http://digidb.io/images/dot/dot134.png,WarGrowlmon,Ultimate,Virus,Fire,14,3,1430,84,178,138,87,116
203,http://digidb.io/images/dot/dot302.png,MetalGreymon,Ultimate,Vaccine,Fire,14,2,1530,84,168,148,80,113
204,http://digidb.io/images/dot/dot327.png,MetalGreymon (Blue),Ultimate,Virus,Fire,14,2,1670,84,173,143,69,110
205,http://digidb.io/images/dot/dot364.png,MetalTyrannomon,Ultimate,Virus,Electric,12,3,1090,104,130,178,118,92
206,http://digidb.io/images/dot/dot413.png,MetalMamemon,Ultimate,Data,Electric,10,3,1040,99,123,153,128,103
207,http://digidb.io/images/dot/dot061.png,Monzaemon,Ultimate,Vaccine,Neutral,12,2,1580,93,128,118,119,100
208,http://digidb.io/images/dot/dot721.png,Crowmon,Ultimate,Vaccine,Wind,12,3,890,128,119,104,119,173
209,http://digidb.io/images/dot/dot071.png,RizeGreymon,Ultimate,Vaccine,Fire,14,3,1530,94,178,109,69,143
210,http://digidb.io/images/dot/dot073.png,Lilamon,Ultimate,Data,Plant,12,3,1280,148,69,104,168,114
211,http://digidb.io/images/dot/dot722.png,Rapidmon,Ultimate,Vaccine,Electric,12,3,1180,113,114,109,119,143
212,http://digidb.io/images/dot/dot359.png,Lillymon,Ultimate,Data,Plant,12,3,890,153,74,94,163,158
213,http://digidb.io/images/dot/dot039.png,Lucemon FM,Ultimate,Virus,Neutral,22,2,1390,139,163,114,203,139
214,http://digidb.io/images/dot/dot107.png,LadyDevimon,Ultimate,Virus,Dark,14,3,890,163,99,94,158,143
215,http://digidb.io/images/dot/dot140.png,WereGarurumon,Ultimate,Vaccine,Earth,12,3,1430,89,178,89,79,153
216,http://digidb.io/images/dot/dot715.png,WereGarurumon (Blk),Ultimate,Virus,Earth,12,3,1480,79,183,104,69,148
217,http://digidb.io/images/dot/dot726.png,Wisemon,Ultimate,Virus,Dark,12,3,790,168,69,84,198,133
218,http://digidb.io/images/dot/dot066.png,Arcadiamon Mega,Mega,Virus,Dark,20,2,1410,153,196,109,119,163
219,http://digidb.io/images/dot/dot416.png,Alphamon,Mega,Vaccine,Neutral,22,1,1390,128,158,183,158,130
220,http://digidb.io/images/dot/dot417.png,UlforceVeedramon,Mega,Vaccine,Wind,22,1,1680,129,188,109,104,198
221,http://digidb.io/images/dot/dot451.png,Ebemon,Mega,Virus,Electric,16,3,1230,178,74,114,198,129
222,http://digidb.io/images/dot/dot732.png,Imperialdramon DM,Mega,Free,Fire,20,2,1730,143,139,139,139,148
223,http://digidb.io/images/dot/dot419.png,Imperialdramon FM,Mega,Free,Neutral,20,2,1780,114,198,124,114,153
224,http://digidb.io/images/dot/dot346.png,Vikemon,Mega,Free,Water,18,3,1780,105,158,143,129,133
225,http://digidb.io/images/dot/dot773.png,Valkyrimon,Mega,Free,Wind,18,3,1330,139,148,129,129,168
226,http://digidb.io/images/dot/dot117.png,Varodurumon,Mega,Vaccine,Light,20,2,1580,164,103,94,189,173
227,http://digidb.io/images/dot/dot600.png,VenomMyotismon,Mega,Virus,Dark,20,3,1540,120,193,104,148,138
228,http://digidb.io/images/dot/dot027.png,WarGreymon,Mega,Vaccine,Fire,20,2,1630,98,193,163,99,140
229,http://digidb.io/images/dot/dot421.png,Ophanimon,Mega,Vaccine,Light,20,2,840,183,104,164,193,153
230,http://digidb.io/images/dot/dot744.png,Gaiomon,Mega,Virus,Fire,18,3,1630,99,203,129,94,158
231,http://digidb.io/images/dot/dot677.png,KaiserGreymon,Mega,Free,Fire,20,2,1640,99,206,151,123,139
232,http://digidb.io/images/dot/dot150.png,ChaosGallantmon,Mega,Virus,Dark,22,1,1340,139,178,139,163,144
233,http://digidb.io/images/dot/dot422.png,Chaosdramon,Mega,Virus,Electric,20,2,1630,99,203,173,109,134
234,http://digidb.io/images/dot/dot688.png,Gankoomon,Mega,Data,Fire,22,2,2080,90,188,163,109,138
235,http://digidb.io/images/dot/dot127.png,KingEtemon,Mega,Virus,Earth,18,3,1290,114,164,163,131,125
236,http://digidb.io/images/dot/dot754.png,Kuzuhamon,Mega,Data,Dark,18,3,1380,163,84,129,193,139
237,http://digidb.io/images/dot/dot423.png,GranKuwagamon,Mega,Virus,Plant,18,3,1530,88,178,178,89,140
238,http://digidb.io/images/dot/dot032.png,GranDracmon,Mega,Virus,Dark,20,2,1340,140,174,114,169,151
239,http://digidb.io/images/dot/dot704.png,GroundLocomon,Mega,Data,Electric,18,3,1140,114,144,213,133,128
240,http://digidb.io/images/dot/dot083.png,Gryphonmon,Mega,Data,Wind,18,3,1260,129,164,104,130,173
241,http://digidb.io/images/dot/dot734.png,Craniamon,Mega,Vaccine,Earth,22,1,1630,143,124,208,134,124
242,http://digidb.io/images/dot/dot774.png,Kerpymon (Blk),Mega,Virus,Dark,20,3,1290,188,94,94,223,153
243,http://digidb.io/images/dot/dot735.png,Kerpymon (Good),Mega,Vaccine,Light,20,2,1290,188,94,104,208,158
244,http://digidb.io/images/dot/dot048.png,Goldramon,Mega,Vaccine,Light,20,2,1680,99,193,149,134,138
245,http://digidb.io/images/dot/dot424.png,SaberLeomon,Mega,Data,Wind,18,3,1680,99,228,104,84,163
246,http://digidb.io/images/dot/dot425.png,Sakuyamon,Mega,Data,Light,18,3,990,178,94,114,188,173
247,http://digidb.io/images/dot/dot749.png,Jesmon,Mega,Data,Neutral,22,2,1480,119,198,149,114,168
248,http://digidb.io/images/dot/dot094.png,ShineGreymon,Mega,Vaccine,Light,20,2,1880,114,203,109,84,158
249,http://digidb.io/images/dot/dot776.png,ShineGreymon BM,Mega,Vaccine,Fire,22,2,1980,114,228,104,84,168
250,http://digidb.io/images/dot/dot737.png,Justimon,Mega,Vaccine,Light,18,3,1530,99,193,158,99,144
251,http://digidb.io/images/dot/dot086.png,Kentaurosmon,Mega,Vaccine,Light,22,1,1140,153,139,154,154,183
252,http://digidb.io/images/dot/dot213.png,Slayerdramon,Mega,Vaccine,Wind,20,2,1530,148,169,129,129,153
253,http://digidb.io/images/dot/dot315.png,Seraphimon,Mega,Vaccine,Light,20,2,1480,162,94,144,198,135
254,http://digidb.io/images/dot/dot741.png,MegaGargomon,Mega,Vaccine,Electric,18,3,1430,132,149,139,119,144
255,http://digidb.io/images/dot/dot771.png,Darkdramon,Mega,Virus,Electric,18,3,1580,94,188,148,99,139
256,http://digidb.io/images/dot/dot745.png,TigerVespamon,Mega,Virus,Electric,18,3,1630,104,193,114,99,173
257,http://digidb.io/images/dot/dot440.png,Titamon,Mega,Virus,Earth,18,3,1930,99,183,128,114,129
258,http://digidb.io/images/dot/dot128.png,TyrantKabuterimon,Mega,Virus,Plant,20,2,1530,108,174,164,123,159
259,http://digidb.io/images/dot/dot733.png,Dianamon,Mega,Data,Water,20,3,790,178,89,154,198,183
260,http://digidb.io/images/dot/dot632.png,Diaboromon,Mega,Free,Dark,20,2,1680,114,243,104,79,173
261,http://digidb.io/images/dot/dot038.png,Creepymon,Mega,Virus,Dark,22,2,1440,133,183,114,183,140
262,http://digidb.io/images/dot/dot126.png,Gallantmon,Mega,Virus,Light,22,1,1480,148,149,154,149,148
263,http://digidb.io/images/dot/dot738.png,Dynasmon,Mega,Data,Wind,22,2,1680,114,213,129,94,178
264,http://digidb.io/images/dot/dot700.png,Durandamon,Mega,Vaccine,Neutral,20,2,1660,92,193,175,95,135
265,http://digidb.io/images/dot/dot739.png,Leopardmon,Mega,Data,Light,22,3,990,188,124,114,183,188
266,http://digidb.io/images/dot/dot743.png,Leopardmon LM,Mega,Data,Earth,25,3,1290,153,159,129,139,218
267,http://digidb.io/images/dot/dot019.png,Dorugoramon,Mega,Data,Dark,18,2,1640,91,225,134,88,145
268,http://digidb.io/images/dot/dot075.png,Neptunemon,Mega,Vaccine,Water,20,2,1440,137,158,130,173,139
269,http://digidb.io/images/dot/dot426.png,HiAndromon,Mega,Vaccine,Electric,18,3,1190,114,153,178,138,124
270,http://digidb.io/images/dot/dot060.png,PileVolcamon,Mega,Data,Fire,18,2,1330,109,173,163,111,137
271,http://digidb.io/images/dot/dot036.png,Barbamon,Mega,Virus,Dark,22,2,1330,184,84,129,233,133
272,http://digidb.io/images/dot/dot049.png,BanchoLeomon,Mega,Vaccine,Earth,18,3,1630,84,193,188,80,138
273,http://digidb.io/images/dot/dot427.png,Piedmon,Mega,Virus,Dark,18,3,890,178,129,104,183,163
274,http://digidb.io/images/dot/dot428.png,Puppetmon,Mega,Virus,Plant,18,3,1140,114,163,163,148,124
275,http://digidb.io/images/dot/dot069.png,PlatinumNumemon,Mega,Virus,Neutral,16,3,450,132,99,999,50,144
276,http://digidb.io/images/dot/dot175.png,BlackWarGreymon,Mega,Virus,Fire,20,2,1730,93,183,178,89,140
277,http://digidb.io/images/dot/dot429.png,PrinceMamemon,Mega,Data,Neutral,16,3,1630,137,104,173,109,130
278,http://digidb.io/images/dot/dot214.png,Breakdramon,Mega,Virus,Earth,20,2,1880,89,213,168,94,129
279,http://digidb.io/images/dot/dot450.png,Plesiomon,Mega,Data,Water,18,3,1680,153,74,114,188,129
280,http://digidb.io/images/dot/dot306.png,HerculesKabuterimon,Mega,Vaccine,Plant,18,3,1680,128,114,168,124,124
281,http://digidb.io/images/dot/dot035.png,Beelzemon,Mega,Virus,Dark,22,1,1680,114,228,119,99,168
282,http://digidb.io/images/dot/dot775.png,Beelzemon BM,Mega,Virus,Dark,25,2,1680,114,238,124,104,178
283,http://digidb.io/images/dot/dot439.png,Belphemon SM,Mega,Virus,Dark,22,1,1730,178,89,114,203,139
284,http://digidb.io/images/dot/dot310.png,Hououmon,Mega,Vaccine,Fire,18,3,1390,173,84,99,193,158
285,http://digidb.io/images/dot/dot453.png,Magnadramon,Mega,Vaccine,Light,20,2,1880,168,89,124,183,129
286,http://digidb.io/images/dot/dot431.png,Boltmon,Mega,Data,Electric,18,3,1580,83,198,163,84,140
287,http://digidb.io/images/dot/dot678.png,MagnaGarurumon,Mega,Free,Light,18,3,1480,122,175,104,114,183
288,http://digidb.io/images/dot/dot675.png,MagnaGarurumon (SV),Mega,Free,Light,18,3,1020,138,163,107,119,218
289,http://digidb.io/images/dot/dot748.png,Mastemon,Mega,Vaccine,Neutral,22,1,1340,144,173,134,173,149
290,http://digidb.io/images/dot/dot024.png,MarineAngemon,Mega,Vaccine,Water,18,3,1190,198,64,89,203,153
291,http://digidb.io/images/dot/dot747.png,Minervamon,Mega,Virus,Neutral,20,3,1580,114,208,114,119,168
292,http://digidb.io/images/dot/dot095.png,MirageGaogamon,Mega,Data,Wind,18,3,1480,114,183,114,109,178
293,http://digidb.io/images/dot/dot777.png,MirageGaogamon BM,Mega,Data,Light,20,3,1440,124,178,104,158,174
294,http://digidb.io/images/dot/dot385.png,Machinedramon,Mega,Virus,Electric,18,3,1240,114,173,183,128,124
295,http://digidb.io/images/dot/dot047.png,Megidramon,Mega,Virus,Fire,20,2,1690,120,199,132,109,153
296,http://digidb.io/images/dot/dot312.png,MetalEtemon,Mega,Virus,Earth,18,3,1630,128,134,188,89,124
297,http://digidb.io/images/dot/dot135.png,MetalGarurumon,Mega,Data,Water,18,3,1140,143,154,129,129,178
298,http://digidb.io/images/dot/dot182.png,MetalGarurumon (Blk),Mega,Virus,Electric,18,3,1190,128,163,173,133,130
299,http://digidb.io/images/dot/dot434.png,MetalSeadramon,Mega,Data,Water,18,3,1430,148,99,139,168,129
300,http://digidb.io/images/dot/dot080.png,Merukimon,Mega,Virus,Wind,20,2,1320,115,178,138,141,177
301,http://digidb.io/images/dot/dot383.png,RustTyranomon,Mega,Virus,Electric,18,3,1680,83,218,163,74,140
302,http://digidb.io/images/dot/dot037.png,Leviamon,Mega,Virus,Water,22,1,1730,120,168,158,144,133
303,http://digidb.io/images/dot/dot034.png,Lilithmon,Mega,Virus,Dark,22,2,940,203,99,104,223,173
304,http://digidb.io/images/dot/dot740.png,Ravemon,Mega,Vaccine,Wind,18,3,1040,143,139,119,139,203
305,http://digidb.io/images/dot/dot778.png,Ravemon BM,Mega,Vaccine,Wind,20,2,1040,133,149,139,144,213
306,http://digidb.io/images/dot/dot703.png,Crusadermon,Mega,Virus,Dark,22,2,1240,153,144,139,144,193
307,http://digidb.io/images/dot/dot057.png,Rosemon,Mega,Data,Plant,18,3,1330,147,144,129,149,144
308,http://digidb.io/images/dot/dot779.png,Rosemon BM,Mega,Data,Plant,20,3,1480,143,149,139,159,143
309,http://digidb.io/images/dot/dot742.png,Lotosmon,Mega,Data,Plant,18,3,940,188,74,109,213,168
310,http://digidb.io/images/dot/dot106.png,Armageddemon,Ultra,Free,Dark,25,1,1760,114,255,133,84,164
311,http://digidb.io/images/dot/dot067.png,Arcadiamon Ultra,Ultra,Virus,Dark,25,2,1510,158,204,109,134,170
312,http://digidb.io/images/dot/dot766.png,Alphamon Ouryuken,Ultra,Vaccine,Neutral,25,1,1530,133,179,149,159,153
313,http://digidb.io/images/dot/dot420.png,Imperialdramon PM,Ultra,Vaccine,Light,25,2,1530,158,154,154,154,153
314,http://digidb.io/images/dot/dot215.png,Examon,Ultra,Data,Wind,25,2,1730,148,179,139,134,153
315,http://digidb.io/images/dot/dot088.png,Omnimon,Ultra,Vaccine,Light,25,2,1680,104,208,168,134,144
316,http://digidb.io/images/dot/dot757.png,Omnimon Zwart,Ultra,Vaccine,Dark,25,2,1490,139,153,193,158,134
317,http://digidb.io/images/dot/dot772.png,Chaosmon,Ultra,Vaccine,Neutral,25,3,1080,129,318,94,89,188
318,http://digidb.io/images/dot/dot118.png,Chaosmon VA,Ultra,Vaccine,Light,25,3,790,138,254,84,204,168
319,http://digidb.io/images/dot/dot104.png,Susanomon,Ultra,Vaccine,Light,25,1,1630,129,183,158,149,149
320,http://digidb.io/images/dot/dot105.png,Gallantmon CM,Ultra,Virus,Light,25,2,1480,139,203,124,139,173
321,http://digidb.io/images/dot/dot040.png,Belphemon RM,Ultra,Virus,Dark,25,2,1780,84,247,168,109,140
322,http://digidb.io/images/dot/dot435.png,Lucemon SM,Ultra,Virus,Dark,25,2,1490,173,89,124,233,158
323,http://digidb.io/images/dot/dot716.png,Flamedramon,Armor,Free,Fire,8,3,1130,93,119,99,89,138
324,http://digidb.io/images/dot/dot382.png,Magnamon,Armor,Free,Earth,22,2,1240,124,168,208,148,124
325,http://digidb.io/images/dot/dot751.png,Rapidmon (Armor),Armor,Vaccine,Light,18,3,1140,114,158,178,158,124
326,http://digidb.io/images/dot/dot682.png,Shoutmon,None,Free,Fire,5,1,1030,62,128,101,55,87
327,http://digidb.io/images/dot/dot683.png,OmniShoutmon,None,Free,Fire,20,2,1510,141,166,144,114,165
328,http://digidb.io/images/dot/dot190.png,Ryudamon,Rookie,Vaccine,Neutral,5,1,790,73,123,97,57,102
329,http://digidb.io/images/dot/dot191.png,Ginryumon,Champion,Vaccine,Neutral,8,1,970,86,135,114,71,118
330,http://digidb.io/images/dot/dot192.png,Hisyaryumon,Ultimate,Vaccine,Neutral,14,1,1200,89,183,157,74,123
331,http://digidb.io/images/dot/dot193.png,Ouryumon,Mega,Vaccine,Neutral,20,2,1350,104,221,179,84,158
332,http://digidb.io/images/dot/dot328.png,Apocalymon,Ultra,Free,Neutral,25,1,1890,173,89,104,183,188
333,http://digidb.io/images/dot/dot781.png,Sistermon Blanc,Rookie,Vaccine,Light,4,1,880,105,53,72,116,82
334,http://digidb.io/images/dot/dot782.png,Sistermon B (Awake.),Rookie,Vaccine,Light,18,2,1310,175,72,112,191,165
335,http://digidb.io/images/dot/dot783.png,Sistermon Ciel,Champion,Virus,Light,6,2,840,111,96,87,95,139
336,http://digidb.io/images/dot/dot784.png,Sistermon C (Awake.),Champion,Virus,Light,18,2,1550,114,188,102,114,173
337,http://digidb.io/images/dot/dot901.png,Alphamon NX,Mega,Vaccine,Neutral,6,1,980,104,109,114,109,116
338,http://digidb.io/images/dot/dot902.png,Crusadermon NX,Mega,Virus,Dark,6,1,1030,100,118,99,109,121
339,http://digidb.io/images/dot/dot903.png,Leopardmon NX,Mega,Data,Light,6,1,960,109,112,91,116,126
340,http://digidb.io/images/dot/dot904.png,Omnimon NX,Mega,Vaccine,Light,6,1,1010,98,116,111,111,113
341,http://digidb.io/images/dot/dot905.png,Gallantmon NX,Mega,Virus,Light,6,1,1070,93,122,109,111,108
